{
  "Get Request" : {
    "transaction" : "Get Request",
    "sampleCount" : 5,
    "errorCount" : 0,
    "errorPct" : 0.0,
    "meanResTime" : 3051.2,
    "medianResTime" : 3079.0,
    "minResTime" : 2681.0,
    "maxResTime" : 3365.0,
    "pct1ResTime" : 3365.0,
    "pct2ResTime" : 3365.0,
    "pct3ResTime" : 3365.0,
    "throughput" : 1.4858841010401187,
    "receivedKBytesPerSec" : 6.161775631500743,
    "sentKBytesPerSec" : 0.24667997771173847
  },
  "Auth Request" : {
    "transaction" : "Auth Request",
    "sampleCount" : 5,
    "errorCount" : 0,
    "errorPct" : 0.0,
    "meanResTime" : 302.6,
    "medianResTime" : 305.0,
    "minResTime" : 295.0,
    "maxResTime" : 305.0,
    "pct1ResTime" : 305.0,
    "pct2ResTime" : 305.0,
    "pct3ResTime" : 305.0,
    "throughput" : 16.393442622950822,
    "receivedKBytesPerSec" : 12.439164959016393,
    "sentKBytesPerSec" : 3.790983606557377
  },
  "Booking Request" : {
    "transaction" : "Booking Request",
    "sampleCount" : 5,
    "errorCount" : 0,
    "errorPct" : 0.0,
    "meanResTime" : 300.2,
    "medianResTime" : 302.0,
    "minResTime" : 293.0,
    "maxResTime" : 304.0,
    "pct1ResTime" : 304.0,
    "pct2ResTime" : 304.0,
    "pct3ResTime" : 304.0,
    "throughput" : 16.44736842105263,
    "receivedKBytesPerSec" : 15.098170230263158,
    "sentKBytesPerSec" : 6.8359375
  },
  "Total" : {
    "transaction" : "Total",
    "sampleCount" : 20,
    "errorCount" : 5,
    "errorPct" : 25.0,
    "meanResTime" : 988.3000000000001,
    "medianResTime" : 303.0,
    "minResTime" : 293.0,
    "maxResTime" : 3365.0,
    "pct1ResTime" : 3232.9000000000005,
    "pct2ResTime" : 3359.25,
    "pct3ResTime" : 3365.0,
    "throughput" : 4.644681839294009,
    "receivedKBytesPerSec" : 7.620634724802601,
    "sentKBytesPerSec" : 1.429917919763121
  },
  "Update Request" : {
    "transaction" : "Update Request",
    "sampleCount" : 5,
    "errorCount" : 5,
    "errorPct" : 100.0,
    "meanResTime" : 299.2,
    "medianResTime" : 301.0,
    "minResTime" : 293.0,
    "maxResTime" : 303.0,
    "pct1ResTime" : 303.0,
    "pct2ResTime" : 303.0,
    "pct3ResTime" : 303.0,
    "throughput" : 15.974440894568689,
    "receivedKBytesPerSec" : 11.809230231629392,
    "sentKBytesPerSec" : 6.686177116613418
  }
}